"",2738
the,1642
and,872
to,729
a,632
it,595
she,553
i,545
of,514
said,462
you,411
alice,398
in,369
was,357
that,315
as,263
her,248
t,218
at,212
s,201
on,193
all,182
with,180
had,178
but,170
for,153
they,152
so,151
be,148
not,145
very,144
what,141
this,134
little,128
he,125
out,117
is,108
one,104
down,102
up,100
there,99
if,96
his,96
about,94
then,94
no,90
them,88
know,88
like,85
were,85
again,83
herself,83
would,83
went,83
do,81
have,80
when,79
could,77
or,77
queen,75
thought,74
off,73
time,71
how,68
me,68
into,67
see,67
did,63
who,63
can,63
m,63
king,63
well,63
your,62
don,61
now,60
by,59
turtle,59
my,58
began,58
its,57
ll,57
an,57
hatter,56
way,56
mock,56
quite,55
gryphon,55
are,54
think,53
their,52
just,52
some,51
say,51
rabbit,51
much,51
here,51
first,51
head,50
go,50
only,50
more,49
thing,49
which,49
never,48
voice,48
get,46
come,46
got,45
oh,45
looked,45
must,44
ve,44
mouse,44
him,43
after,43
duchess,42
such,41
round,41
two,40
dormouse,40
other,40
over,40
why,40
tone,40
came,40
back,39
great,39
any,39
re,38
been,38
before,38
cat,37
from,36
nothing,34
once,34
march,34
we,34
will,33
large,33
last,33
tell,32
long,32
looking,32
found,32
right,32
put,31
hare,31
things,31
moment,31
door,30
next,30
white,30
made,30
heard,30
day,29
replied,29
eyes,29
d,29
dear,29
look,29
three,28
caterpillar,28
might,28
seemed,27
should,27
going,27
poor,27
make,27
good,27
too,26
course,26
without,26
upon,26
won,26
rather,25
soon,25
while,25
away,25
yet,25
shall,25
sure,24
same,24
than,24
took,24
felt,23
half,23
added,23
take,22
jury,22
getting,22
let,22
another,22
hand,21
words,21
wish,21
find,21
till,21
ever,21
minute,21
however,20
anything,20
sort,20
cried,20
even,19
tried,19
please,19
old,19
curious,19
feet,19
tea,19
being,19
eat,18
table,18
soup,18
enough,18
use,18
wonder,18
something,18
house,18
court,18
talking,17
perhaps,17
end,17
sat,17
bill,17
question,17
spoke,17
side,17
asked,17
turned,16
under,16
bit,16
indeed,16
garden,16
doesn,16
high,16
hastily,16
am,16
ran,16
seen,15
low,15
because,15
face,15
speak,15
saying,15
arm,15
done,15
where,15
idea,15
near,15
air,15
gave,15
called,15
mad,15
us,14
trying,14
set,14
sea,14
dinah,14
everything,14
saw,14
hear,14
itself,14
ought,14
these,14
left,14
both,14
anxiously,14
beginning,14
certainly,14
footman,14
remember,14
knew,14
silence,14
talk,14
didn,14
better,14
through,14
baby,14
change,14
suppose,14
still,13
cook,13
grow,13
used,13
always,13
wouldn,13
dance,13
kept,13
may,13
close,13
dodo,13
people,13
far,13
room,13
whole,13
really,13
gone,13
yes,13
cats,13
begin,13
game,13
suddenly,13
behind,13
size,13
beautiful,13
among,12
afraid,12
deal,12
else,12
turning,12
life,12
chapter,12
queer,12
hands,12
every,12
majesty,12
finished,12
try,12
hardly,12
best,12
give,12
many,12
pigeon,12
hurry,11
whether,11
growing,11
wasn,11
read,11
pool,11
glad,11
turn,11
makes,11
nearly,11
minutes,11
ask,11
tears,11
child,11
gloves,11
hurried,11
pig,11
waited,11
thinking,11
though,11
mind,11
book,11
keep,11
those,10
conversation,10
explain,10
soldiers,10
yourself,10
name,10
trial,10
sitting,10
own,10
lessons,10
repeated,10
mouth,10
remark,10
mine,10
heads,10
sight,10
having,10
glass,10
foot,10
party,10
birds,10
offended,10
rest,10
mean,10
box,10
word,10
bottle,10
small,10
children,10
fan,10
witness,10
either,10
opened,10
creatures,10
hold,10
remarked,10
walked,10
few,9
leave,9
knave,9
continued,9
puzzled,9
serpent,9
rate,9
interrupted,9
answer,9
tail,9
reason,9
croquet,9
different,9
angrily,9
does,9
want,9
together,9
coming,9
hall,9
couldn,9
against,9
call,9
help,9
matter,9
join,9
key,9
waiting,9
least,9
butter,9
shook,9
sister,9
believe,9
shouted,9
timidly,9
watch,8
ready,8
happen,8
fact,8
eagerly,8
hadn,8
exactly,8
opportunity,8
sit,8
everybody,8
top,8
four,8
pepper,8
dry,8
story,8
appeared,8
tree,8
william,8
each,8
ground,8
beg,8
moral,8
live,8
slowly,8
our,8
window,8
gardeners,8
feel,8
followed,8
hard,8
work,8
nose,8
hearts,8
mushroom,8
slates,8
noticed,8
nobody,8
running,8
haven,8
asleep,8
twinkle,8
whiting,8
most,8
play,8
five,8
wood,8
fish,8
meaning,8
lying,8
seem,8
distance,8
place,8
changed,8
making,8
bright,8
begun,7
cheshire,7
wondering,7
fancy,7
surprised,7
chin,7
shoes,7
oop,7
hot,7
adventures,7
lobsters,7
kind,7
puppy,7
myself,7
evidence,7
happened,7
lory,7
silent,7
eye,7
hair,7
golden,7
frightened,7
treacle,7
fetch,7
others,7
somebody,7
history,7
pocket,7
stood,7
bread,7
neck,7
grown,7
isn,7
trees,7
dream,7
fall,7
generally,7
important,7
goes,7
middle,7
tarts,7
pleased,7
world,7
song,7
soo,7
sir,7
deep,7
feeling,7
larger,7
listen,7
draw,7
hedgehog,7
drink,7
nonsense,7
business,7
learn,7
repeat,7
has,7
tired,7
open,7
lobster,7
manage,7
subject,6
father,6
exclaimed,6
sneezing,6
jumped,6
along,6
stand,6
wow,6
seven,6
guinea,6
told,6
sing,6
race,6
pigs,6
himself,6
inches,6
liked,6
trembling,6
school,6
times,6
sharp,6
lizard,6
e,6
late,6
o,6
between,6
sentence,6
full,6
ear,6
leaves,6
youth,6
dreadfully,6
forgotten,6
melancholy,6
marked,6
chorus,6
ten,6
write,6
writing,6
fell,6
stupid,6
piece,6
pardon,6
broken,6
chimney,6
arms,6
trouble,6
loud,6
english,6
sleep,6
understand,6
nice,6
roof,6
written,6
executioner,6
politely,6
grin,6
stop,6
executed,6
almost,6
shan,6
taking,5
often,5
shut,5
impatiently,5
dropped,5
remembered,5
speaking,5
temper,5
aloud,5
asking,5
faces,5
new,5
man,5
flamingo,5
stay,5
sounded,5
drew,5
meant,5
confusion,5
knee,5
become,5
nervous,5
angry,5
shrill,5
height,5
ah,5
hole,5
sighed,5
shouldn,5
sudden,5
clock,5
water,5
notice,5
night,5
curiosity,5
ears,5
wrong,5
sleepy,5
eggs,5
seems,5
whispered,5
doing,5
sky,5
morning,5
crowded,5
shriek,5
twice,5
sometimes,5
unimportant,5
across,5
reply,5
kid,5
young,5
passed,5
nine,5
pair,5
evening,5
usual,5
surprise,5
happens,5
dare,5
moved,5
hookah,5
finish,5
waving,5
walk,5
case,5
prizes,5
rule,5
until,5
pack,5
finger,5
swam,5
walking,5
swim,5
direction,5
cut,5
instantly,5
altogether,5
home,5
interesting,5
sadly,5
procession,5
quietly,5
simple,5
number,5
strange,5
tis,5
nearer,5
means,5
likely,5
arches,4
jumping,4
beau,4
fond,4
porpoise,4
pictures,4
perfectly,4
particular,4
grunted,4
answered,4
puzzling,4
stuff,4
green,4
fallen,4
girl,4
stick,4
quadrille,4
slate,4
none,4
difficulty,4
screamed,4
mice,4
savage,4
busily,4
verse,4
tongue,4
worth,4
suppressed,4
reach,4
dish,4
tale,4
violently,4
person,4
outside,4
begins,4
alas,4
lives,4
twelve,4
doubt,4
ann,4
days,4
grass,4
sigh,4
kitchen,4
hers,4
uncomfortable,4
fast,4
mouths,4
lay,4
crumbs,4
earth,4
paper,4
french,4
master,4
miss,4
mary,4
natural,4
confused,4
otherwise,4
bowed,4
bottom,4
verdict,4
yer,4
crowd,4
duck,4
jurors,4
managed,4
capital,4
carried,4
twinkling,4
deeply,4
creature,4
catch,4
thoughtfully,4
sobs,4
passage,4
sides,4
escape,4
players,4
second,4
pale,4
solemnly,4
care,4
shrinking,4
fellow,4
severely,4
honour,4
consider,4
fear,4
except,4
tiny,4
age,4
argument,4
verses,4
hours,4
thank,4
plan,4
decidedly,4
officers,4
led,4
questions,4
ordered,4
taken,4
besides,4
sound,4
frowning,4
indignantly,4
thimble,4
ventured,4
bats,4
several,4
vanished,4
sounds,4
taught,4
paws,4
breath,4
judge,4
shoulder,4
jurymen,4
shoulders,4
chance,4
ootiful,4
short,4
run,4
boots,4
hearing,4
alone,4
corner,4
beat,4
sharply,4
mabel,4
says,4
animals,4
since,4
rose,4
true,4
fire,4
digging,4
pointing,4
wanted,4
dead,4
less,4
shore,4
held,4
hope,3
filled,3
sense,3
holding,3
present,3
instance,3
tossing,3
sorts,3
joined,3
livery,3
wrote,3
caucus,3
settled,3
eaglet,3
hungry,3
mustard,3
reading,3
loudly,3
em,3
knife,3
boy,3
certain,3
show,3
venture,3
considered,3
teacup,3
dears,3
toes,3
gravely,3
above,3
repeating,3
pleaded,3
opening,3
timid,3
sulky,3
forgetting,3
hush,3
allow,3
lost,3
lesson,3
serpents,3
girls,3
pie,3
nurse,3
bring,3
remarks,3
shaped,3
friend,3
dog,3
cautiously,3
love,3
below,3
shaking,3
suit,3
tasted,3
bat,3
nor,3
elbow,3
crossed,3
breathe,3
smaller,3
bringing,3
confusing,3
pattering,3
attending,3
cause,3
plate,3
letter,3
sad,3
yours,3
met,3
beheaded,3
passion,3
washing,3
instead,3
civil,3
tails,3
remained,3
later,3
courage,3
upset,3
throw,3
fun,3
longer,3
muchness,3
spectacles,3
somewhere,3
noise,3
immediately,3
peeped,3
general,3
free,3
figure,3
trumpet,3
past,3
pray,3
watching,3
sobbing,3
roses,3
move,3
telescope,3
execution,3
finding,3
proper,3
red,3
real,3
carefully,3
follows,3
listening,3
whatever,3
fly,3
staring,3
unfortunate,3
dark,3
whiskers,3
notion,3
music,3
tortoise,3
snail,3
hoarse,3
grave,3
possibly,3
nibbling,3
mark,3
hurt,3
anxious,3
grand,3
moving,3
cards,3
spread,3
gently,3
panther,3
twenty,3
order,3
lived,3
expecting,3
simply,3
remarking,3
hunting,3
edge,3
legs,3
week,3
dogs,3
crab,3
dull,3
obliged,3
impossible,3
succeeded,3
tucked,3
knowledge,3
delight,3
further,3
list,3
poison,3
cry,3
ma,3
slipped,3
decided,3
advantage,3
pressed,3
directions,3
mistake,3
around,3
hanging,3
hoping,3
yesterday,3
frog,3
floor,3
folded,3
kick,3
nursing,3
paw,3
caught,3
lady,3
voices,3
speech,3
picked,3
wonderland,3
checked,3
putting,3
crash,3
howling,3
needn,3
mentioned,3
hedgehogs,3
fur,3
guests,3
whisper,3
crown,3
easily,3
fury,3
cross,3
faster,3
pat,3
considering,3
drawling,3
pieces,3
fit,3
stairs,3
cheered,3
pity,3
knocking,3
worse,3
alive,3
advance,3
rules,3
miles,3
bank,3
guessed,3
eager,3
brought,3
funny,3
muttering,3
sighing,3
grinned,3
solemn,3
choked,3
growl,3
cake,3
doth,3
themselves,3
effect,3
cakes,3
turns,3
guess,3
handed,3
stopped,3
owl,3
candle,3
absurd,2
lefthand,2
laughing,2
blasts,2
afterwards,2
goldfish,2
jar,2
flowers,2
dishes,2
wink,2
longitude,2
pause,2
raised,2
meekly,2
hit,2
scream,2
occurred,2
burn,2
within,2
somersault,2
throwing,2
flower,2
entirely,2
wet,2
ugh,2
constant,2
giddy,2
railway,2
doubtfully,2
showing,2
beating,2
wandered,2
cauldron,2
fountains,2
sneezes,2
extremely,2
uglification,2
struck,2
goose,2
yawned,2
month,2
sang,2
beautifully,2
using,2
pennyworth,2
addressed,2
unrolled,2
neither,2
shelves,2
paris,2
wasting,2
pleasure,2
presently,2
lovely,2
crying,2
wandering,2
denied,2
resting,2
concert,2
choice,2
blew,2
laughed,2
fine,2
forget,2
doors,2
beds,2
shouting,2
conqueror,2
shorter,2
summer,2
mixed,2
painting,2
rude,2
smiled,2
flamingoes,2
wide,2
falling,2
squeaking,2
panting,2
difficult,2
body,2
friends,2
safe,2
fancied,2
earnestly,2
curled,2
giving,2
rush,2
conclusion,2
ring,2
sh,2
pebbles,2
threw,2
curiouser,2
quarrelling,2
throat,2
bear,2
comes,2
merely,2
relief,2
smallest,2
alarm,2
taste,2
claws,2
takes,2
mystery,2
earls,2
woman,2
cupboards,2
secondly,2
mile,2
messages,2
blow,2
already,2
disappeared,2
nowhere,2
tiptoe,2
hint,2
sugar,2
prisoner,2
six,2
purring,2
wants,2
inside,2
triumphantly,2
sending,2
wretched,2
extraordinary,2
keeping,2
fright,2
invitation,2
hate,2
playing,2
stirring,2
atom,2
dipped,2
legged,2
useful,2
edwin,2
stretching,2
patiently,2
learning,2
undertone,2
nibbled,2
raving,2
singers,2
latitude,2
wherever,2
humbly,2
names,2
stamping,2
whose,2
trembled,2
tones,2
sneeze,2
royal,2
catching,2
ashamed,2
missed,2
pinch,2
knows,2
distant,2
sell,2
longed,2
bad,2
animal,2
crimson,2
turtles,2
rapidly,2
unfolded,2
splashing,2
proud,2
bite,2
recovered,2
editions,2
locks,2
ordering,2
examine,2
front,2
usually,2
muttered,2
cup,2
thoroughly,2
northumbria,2
offer,2
singing,2
explanation,2
miserable,2
declare,2
wine,2
sisters,2
dinner,2
interrupting,2
manner,2
learnt,2
label,2
belongs,2
year,2
parchment,2
books,2
weak,2
beasts,2
presents,2
feeble,2
laid,2
break,2
yawning,2
stole,2
ornamented,2
salt,2
drive,2
became,2
wake,2
doubtful,2
executions,2
waistcoat,2
bye,2
appear,2
quickly,2
brightened,2
stretched,2
ending,2
pinched,2
proves,2
feelings,2
proceed,2
apples,2
anger,2
tempered,2
note,2
wise,2
twist,2
riddles,2
cushion,2
removed,2
shutting,2
wildly,2
ill,2
sent,2
flat,2
cares,2
comfits,2
cucumber,2
excellent,2
ugly,2
knot,2
thistle,2
spoon,2
sorrow,2
signed,2
hedge,2
clear,2
coaxing,2
fight,2
dancing,2
rome,2
hasn,2
tut,2
pencil,2
hour,2
broke,2
places,2
scroll,2
directed,2
follow,2
proved,2
uneasily,2
advice,2
forgot,2
sorrowful,2
lie,2
advisable,2
invited,2
bird,2
shower,2
changing,2
bend,2
picking,2
contemptuously,2
courtiers,2
wild,2
position,2
sensation,2
smoking,2
personal,2
meet,2
part,2
morcar,2
luckily,2
wig,2
barrowful,2
roots,2
drunk,2
milk,2
jaws,2
mercia,2
chose,2
experiment,2
custody,2
sun,2
thump,2
ago,2
brown,2
matters,2
ferrets,2
unless,2
heavy,2
quick,2
entangled,2
delightful,2
nicely,2
knowing,2
mostly,2
accident,2
rattling,2
regular,2
teacups,2
wind,2
sooner,2
smiling,2
eel,2
unpleasant,2
trotting,2
easy,2
introduce,2
heart,2
telling,2
closed,2
footsteps,2
concluded,2
rubbing,2
changes,2
deny,2
agree,2
delighted,2
returned,2
dispute,2
older,2
startled,2
carrying,2
collected,2
leaning,2
smile,2
stoop,2
forehead,2
violent,2
kindly,2
unhappy,2
clever,2
taller,2
tumbling,2
dreadful,2
swimming,2
busy,2
plenty,2
lap,2
wash,2
snatch,2
line,2
hurriedly,2
lasted,2
imagine,2
lonely,2
wonderful,2
archbishop,2
caused,2
sulkily,2
persisted,2
row,2
directly,2
quiet,2
authority,2
encouraging,2
plates,2
watched,2
bark,2
branches,2
dinn,2
started,2
also,2
remarkable,2
narrow,2
cool,2
neatly,2
law,2
assembled,2
tells,2
ringlets,2
treading,2
straight,2
thousand,2
thoughts,2
fashion,2
maybe,2
living,2
flashed,1
waters,1
saucepans,1
arguments,1
pleasing,1
highest,1
variations,1
noticing,1
parts,1
bone,1
crust,1
received,1
australia,1
muscular,1
vinegar,1
lark,1
sprawling,1
ye,1
zigzag,1
dive,1
prevent,1
accusation,1
character,1
cardboard,1
farm,1
heap,1
hearthrug,1
thick,1
fanned,1
circumstances,1
shyly,1
piteous,1
expression,1
currants,1
lips,1
leant,1
worried,1
clinging,1
crazy,1
grins,1
engaged,1
fork,1
pine,1
drowned,1
circle,1
attempted,1
odd,1
scale,1
existence,1
bristling,1
dripping,1
invent,1
lazy,1
extra,1
meat,1
plainly,1
vi,1
tray,1
x,1
purpose,1
sharks,1
rustling,1
childhood,1
choke,1
grinning,1
recognised,1
act,1
furious,1
butterfly,1
scaly,1
tastes,1
rich,1
dunce,1
field,1
orange,1
somehow,1
yelp,1
suet,1
losing,1
length,1
promise,1
afore,1
account,1
prettier,1
listeners,1
becoming,1
men,1
multiplication,1
walrus,1
vote,1
thunder,1
lowing,1
pounds,1
cartwheels,1
stalk,1
moon,1
vulgar,1
ceiling,1
rise,1
drinking,1
arrum,1
contradicted,1
raw,1
beast,1
mischief,1
custard,1
lazily,1
shilling,1
ravens,1
pop,1
fat,1
hedges,1
bore,1
sharing,1
saves,1
maps,1
hurrying,1
curly,1
shape,1
begged,1
tidy,1
horse,1
graceful,1
blows,1
pleasant,1
sluggard,1
involved,1
softly,1
scratching,1
touch,1
wife,1
dig,1
rubbed,1
form,1
lose,1
pattern,1
partner,1
shingle,1
hung,1
lodging,1
daughter,1
incessantly,1
grey,1
lamps,1
letters,1
grew,1
altered,1
whoever,1
drawing,1
opposite,1
yard,1
belong,1
shiver,1
tricks,1
wits,1
tomorrow,1
leading,1
ix,1
hm,1
fortunately,1
usurpation,1
rushed,1
couple,1
burning,1
inquisitively,1
dainties,1
barking,1
steady,1
stays,1
ways,1
managing,1
sentenced,1
daisy,1
welcome,1
glanced,1
sobbed,1
woke,1
chanced,1
arch,1
likes,1
dreamed,1
lock,1
station,1
exact,1
forwards,1
subdued,1
grumbled,1
kings,1
mallets,1
apple,1
houses,1
winter,1
ladder,1
rope,1
adding,1
fourth,1
baked,1
remain,1
loving,1
eyed,1
presented,1
roared,1
prison,1
ambition,1
tinkling,1
bent,1
knuckles,1
producing,1
cutting,1
gloomily,1
elsie,1
unjust,1
curtseying,1
ada,1
puss,1
thatched,1
ridge,1
attends,1
guilt,1
rat,1
inwards,1
flew,1
grunt,1
desks,1
jug,1
furrows,1
counting,1
spell,1
vague,1
toss,1
shepherd,1
disappointment,1
crossly,1
inclined,1
contempt,1
flock,1
breeze,1
desperate,1
energetic,1
teaching,1
alternately,1
spoken,1
velvet,1
kiss,1
passing,1
learned,1
collar,1
furiously,1
roast,1
chrysalis,1
jaw,1
chief,1
beheading,1
ful,1
brave,1
doorway,1
burnt,1
crocodile,1
wept,1
bawled,1
tipped,1
sixpence,1
wooden,1
puffed,1
rosetree,1
spreading,1
wriggling,1
muddle,1
flurry,1
zealand,1
swallowed,1
protection,1
marched,1
contemptuous,1
handwriting,1
pun,1
eats,1
nest,1
fix,1
lullaby,1
officer,1
christmas,1
nile,1
denying,1
affectionately,1
ours,1
standing,1
actually,1
bee,1
immense,1
annoy,1
shrimp,1
permitted,1
dismay,1
draggled,1
attempt,1
relieved,1
banquet,1
loveliest,1
morsel,1
grazed,1
delay,1
buttons,1
sorrows,1
fidgeted,1
reaching,1
sand,1
frames,1
desperately,1
terms,1
quarrel,1
ii,1
soothing,1
pretexts,1
frame,1
faint,1
beak,1
crept,1
given,1
imitated,1
splashed,1
fifteen,1
patted,1
blown,1
respectable,1
harm,1
normans,1
trot,1
ridges,1
mayn,1
extras,1
pulling,1
content,1
whiles,1
dropping,1
adjourn,1
shy,1
footmen,1
roughly,1
memorandum,1
solid,1
stockings,1
tillie,1
treat,1
pence,1
cherry,1
quiver,1
arithmetic,1
toffee,1
pretend,1
iii,1
chop,1
unlocking,1
mineral,1
seaography,1
squeeze,1
setting,1
feebly,1
lit,1
coward,1
comfortably,1
straightened,1
lines,1
tougher,1
towards,1
today,1
diamonds,1
fainting,1
thanked,1
impatient,1
gather,1
1865,1
irritated,1
furrow,1
shillings,1
carroll,1
saucer,1
hoped,1
rabbits,1
rocket,1
deepest,1
rapped,1
tunnel,1
spades,1
result,1
knocked,1
quarrelled,1
partners,1
forepaws,1
unable,1
years,1
uncorked,1
whenever,1
needs,1
waste,1
brush,1
cheap,1
suppress,1
rustled,1
joys,1
hide,1
scrambling,1
jack,1
visit,1
uglifying,1
canvas,1
interrupt,1
tulip,1
weren,1
occasional,1
invented,1
queerest,1
grammar,1
prosecute,1
wearily,1
hopeful,1
tied,1
persons,1
honest,1
histories,1
denial,1
resource,1
interest,1
closer,1
distraction,1
lastly,1
thirteen,1
farmer,1
terribly,1
rises,1
edgar,1
adoption,1
pencils,1
flavour,1
family,1
doze,1
nodded,1
ink,1
nasty,1
death,1
straightening,1
punching,1
purple,1
lewis,1
hoarsely,1
teases,1
vegetable,1
seals,1
cries,1
london,1
v,1
wait,1
pan,1
feather,1
leaving,1
pour,1
axes,1
simpleton,1
practice,1
moderate,1
cunning,1
produced,1
charges,1
undoing,1
eh,1
flappers,1
listened,1
atheling,1
oyster,1
peeping,1
juror,1
licking,1
patriotic,1
spirited,1
murder,1
desk,1
settle,1
pitied,1
seldom,1
conquest,1
wrapping,1
chimneys,1
clubs,1
uncomfortably,1
eels,1
worm,1
crawling,1
strings,1
tumbled,1
airs,1
curving,1
jogged,1
trickling,1
meeting,1
neat,1
skimming,1
doubled,1
stiff,1
gazing,1
dreaming,1
antipathies,1
wander,1
canterbury,1
magpie,1
supple,1
enjoy,1
morals,1
encouraged,1
flying,1
pink,1
labelled,1
eaten,1
completely,1
wag,1
attended,1
games,1
yelled,1
explanations,1
dried,1
tight,1
entrance,1
cost,1
stolen,1
shrink,1
climb,1
geography,1
proposal,1
rudeness,1
teapot,1
inquired,1
fourteenth,1
lacie,1
bowing,1
accounting,1
tureen,1
rattle,1
wings,1
hid,1
shark,1
diligently,1
shared,1
leaders,1
pointed,1
screaming,1
accidentally,1
sternly,1
figures,1
unwillingly,1
oneself,1
birthday,1
france,1
belt,1
respectful,1
fluttered,1
able,1
fairy,1
upright,1
whistling,1
clearly,1
camomile,1
trims,1
fitted,1
stupidly,1
depends,1
ledge,1
speaker,1
wondered,1
soft,1
howled,1
chain,1
dozing,1
truth,1
fifth,1
quicker,1
possible,1
double,1
spot,1
sticks,1
hippopotamus,1
weeks,1
bother,1
provoking,1
ignorant,1
terrier,1
hundred,1
familiarly,1
sob,1
yards,1
respect,1
sheep,1
tales,1
failure,1
crouched,1
paint,1
favourite,1
daisies,1
minded,1
oblong,1
tide,1
crashed,1
fancying,1
terror,1
played,1
waist,1
seated,1
clapping,1
daresay,1
despair,1
acceptance,1
violence,1
flung,1
fighting,1
centre,1
buttered,1
lad,1
uncommonly,1
oldest,1
rats,1
remedies,1
series,1
argued,1
journey,1
avoid,1
swallow,1
vii,1
answers,1
beloved,1
fender,1
manners,1
shake,1
fairly,1
jelly,1
guard,1
inkstand,1
stopping,1
seaside,1
leap,1
hated,1
pronounced,1
eleventh,1
anywhere,1
reeds,1
blades,1
egg,1
untwist,1
flinging,1
offend,1
blame,1
country,1
feathers,1
comfort,1
treated,1
pot,1
difficulties,1
introduced,1
explained,1
overhead,1
crawled,1
traps,1
herald,1
upsetting,1
curtsey,1
fishes,1
favoured,1
w,1
promising,1
hollow,1
denies,1
meal,1
turkey,1
hopeless,1
returning,1
skurried,1
cart,1
unusually,1
choosing,1
uneasy,1
win,1
noises,1
abide,1
pictured,1
grief,1
twentieth,1
rippling,1
creep,1
magic,1
obstacle,1
cold,1
snappishly,1
nevertheless,1
save,1
sorry,1
vanishing,1
works,1
coast,1
accustomed,1
flustered,1
readily,1
applause,1
improve,1
c,1
ointment,1
gravy,1
ourselves,1
signify,1
passionate,1
idiotic,1
helped,1
send,1
squeezed,1
boon,1
xi,1
engraved,1
growls,1
croqueted,1
croqueting,1
fading,1
shifting,1
enormous,1
banks,1
powdered,1
encourage,1
fills,1
sage,1
merrily,1
stingy,1
ache,1
downwards,1
pleasanter,1
impertinent,1
beautify,1
insolence,1
irons,1
pleases,1
expressing,1
folding,1
loose,1
closely,1
kettle,1
doubling,1
corners,1
die,1
dressed,1
poky,1
occasionally,1
indignant,1
stigand,1
shakespeare,1
canary,1
nay,1
bones,1
hatters,1
cannot,1
downward,1
rising,1
pet,1
buttercup,1
annoyed,1
arrived,1
flame,1
sits,1
awfully,1
deserved,1
picture,1
chains,1
newspapers,1
cackled,1
bleeds,1
cheerfully,1
known,1
knock,1
settling,1
sweet,1
panted,1
snorting,1
appearing,1
reasonable,1
scolded,1
fellows,1
soldier,1
fumbled,1
locked,1
fireplace,1
disobey,1
wore,1
bough,1
poured,1
arrow,1
educations,1
throne,1
skirt,1
driest,1
upstairs,1
handsome,1
happening,1
elbows,1
mournful,1
onions,1
examining,1
chuckled,1
understood,1
hiss,1
reasons,1
uncivil,1
clean,1
splash,1
condemn,1
calmly,1
happy,1
feared,1
accounts,1
chair,1
reminding,1
clamour,1
immediate,1
limbs,1
rearing,1
hjckrrh,1
teeth,1
capering,1
thrown,1
sands,1
clasped,1
swallowing,1
agony,1
riddle,1
search,1
warning,1
cleared,1
uncommon,1
kissed,1
fanning,1
naturedly,1
underneath,1
remaining,1
schoolroom,1
hearth,1
precious,1
died,1
land,1
consultation,1
lest,1
state,1
complaining,1
lower,1
fixed,1
natured,1
therefore,1
someone,1
lifted,1
refused,1
spite,1
argue,1
processions,1
sour,1
rightly,1
audibly,1
rumbling,1
ancient,1
chatte,1
pope,1
iv,1
peering,1
clearer,1
toast,1
common,1
bed,1
paused,1
curls,1
appealed,1
beauti,1
hat,1
bag,1
submitted,1
axis,1
carry,1
raven,1
reduced,1
sign,1
pressing,1
strength,1
growling,1
esq,1
elegant,1
housemaid,1
finds,1
brass,1
tremble,1
executes,1
remembering,1
whereupon,1
minding,1
twelfth,1
ate,1
brandy,1
boxed,1
askance,1
dates,1
comfortable,1
worry,1
hatching,1
stool,1
patience,1
sneezed,1
stupidest,1
meanwhile,1
shade,1
conversations,1
largest,1
shedding,1
conduct,1
tittered,1
opinion,1
finishing,1
cheeks,1
tremulous,1
fifteenth,1
prove,1
marmalade,1
frying,1
queens,1
shiny,1
signifies,1
advise,1
gallons,1
shining,1
shrieks,1
farther,1
helpless,1
company,1
bound,1
ones,1
slightest,1
thin,1
believed,1
knelt,1
toys,1
cur,1
insult,1
murdering,1
sink,1
faintly,1
boldly,1
bathing,1
kneel,1
languid,1
louder,1
disgust,1
bursting,1
trials,1
poker,1
slippery,1
planning,1
star,1
steam,1
holiday,1
squeaked,1
killing,1
tart,1
brother,1
placed,1
haste,1
lately,1
burst,1
whispers,1
flown,1
idiot,1
writhing,1
gay,1
neighbouring,1
splendidly,1
darkness,1
refreshments,1
emphasis,1
cheated,1
rock,1
afford,1
england,1
eyelids,1
sixteenth,1
choking,1
positively,1
laugh,1
arranged,1
branch,1
disagree,1
overcome,1
drop,1
snout,1
uglify,1
modern,1
neighbour,1
shock,1
undo,1
tie,1
son,1
viii,1
coils,1
push,1
telescopes,1
fig,1
classics,1
conger,1
brushing,1
pretending,1
carrier,1
pairs,1
mournfully,1
evidently,1
linked,1
promised,1
severity,1
printed,1
calling,1
sizes,1
righthand,1
saucepan,1
couples,1
pardoned,1
subjects,1
ridiculous,1
forty,1
declared,1
foolish,1
fair,1
shrieked,1
riper,1
engine,1
whom,1
fits,1
curtain,1
kill,1
alarmed,1
frontispiece,1
reality,1
dodged,1
consented,1
execute,1
balls,1
flapper,1
latin,1
seeing,1
memory,1
punished,1
kills,1
prize,1
whistle,1
injure,1
truthful,1
judging,1
exclamation,1
attempts,1
est,1
grant,1
laughter,1
salmon,1
twinkled,1
affair,1
bells,1
backs,1
humble,1
thunderstorm,1
gained,1
xii,1
dreamy,1
theirs,1
expected,1
reeling,1
blacking,1
pass,1
ahem,1
growled,1
brain,1
barley,1
derision,1
pretty,1
share,1
pace,1
globe,1
complained,1
addressing,1
trampled,1
tops,1
wider,1
appearance,1
sends,1
eating,1
retire,1
soles,1
behead,1
secret,1
pegs,1
measure,1
raising,1
frighten,1
glaring,1
justice,1
puzzle,1
machines,1
commotion,1
pulled,1
seriously,1
bitter,1
speed,1
balanced,1
smoke,1
wags,1
lessen,1
trusts,1
empty,1
ou,1
various,1
heels,1
absence,1
cattle,1
